1.88E+14,828195,144,,,MCKIERNAN,DR,,,WALNUT CREEK,CA,94597,62614,62614,2011,20418,2485,3,2,1,2009
1.88E+14,1144455,281,,,CENTER,ST,,,BALTIMORE,MD,21136,105500,10550,2012,4807,1368,0,0,0,1965
1.88E+14,1494347,483,,,NEWTON,RD,,,FLAGSTAFF,AZ,86011,2220,2220,0,5654,1011,3,1,0,1959
1.88E+14,1910847,802,,,HATCHERY,CT,,,WOODLAND,WA,98674,356000,356000,0,6094,0,2,1,4,1966
1.88E+14,4267562,5007,,E,ROY ROGERS,RD,,,TROY,MI,48085,327253,327253,2012,3484,0,3,0,0,2004
1.88E+14,4888602,7607,,,PEBBLESTONE,DR,,9,KERNVILLE,CA,93238,732179,732179,2015,19597,6132,6,6,0,2010
2.15E+14,54135,4,,,WAINWRIGHT,DR,,,NORTH FORT MYERS,FL,33917,159724,87848,2012,0,0,0,0,0,2007
2.15E+14,762012,125,,,SHIPYARD,DR,,150,MELBOURNE VILLAGE,FL,32904,96300,96300,2015,18000,2357,4,2,1,2006
2.15E+14,2331721,1190,,,LITTLEOAK,DR,,,HOUSTON,TX,77011,238854,217810,2012,2620,1856,0,2,0,1976
2.15E+14,3276109,2506,,,MEADOW,DR,,,LA QUINTA,CA,92253,30977,30660,2012,87120,866,0,1,0,1973
2.15E+14,4414145,5508,,S,STEVENS,AVE,,,MT LEMMON,AZ,85619,145000,0,2012,1271,1219,2,2,0,1994
3.45E+14,1565512,521,,,SENON,DR,,,BAKERSFIELD,CA,93300,245000,245000,2012,5649,1149,3,2,0,1967
5.62E+14,1496019,485,,,VEAL,RD,,,SUGARLOAF,CA,92325,140000,140000,2013,43995,0,0,0,0,0
5.62E+14,1837309,724,,S,000004TH,AVE,,,MIDDLEVILLE,MI,49333,32672,9470,2015,154202,2284,3,2,0,1986
5.62E+14,1901251,794,,,NELSON,ST,,,WICHITA,KS,67220,3600,3600,2014,43560,0,0,0,0,1991
5.62E+14,2025097,901,907,,WINTHROP,AVE,,,EDGEWOOD,NY,11717,198400,198400,2012,6969,0,0,2,1,2006
5.62E+14,3435338,2812,,,PONTIAC,CIR,,,RICHMOND,RI,2892,153900,153900,2012,5000,0,0,0,0,2013
5.62E+14,4232717,4893,,W,3300,,S,,CELEBRATION BR POSTAL STORE,FL,34747,19075,19075,2011,0,0,3,3,0,1989
5.62E+14,4542536,6006,,,GREENVIEW,CT,,,TULLY,NY,13159,148550,148550,2015,7890,3113,4,2,1,2011
6.00E+14,1238198,321,,,FOREST,AVE,,,FREDONIA,AZ,86022,83500,83500,2013,2134,0,0,0,0,1997
6.00E+14,1892631,779,,,ASHLEY,LOOP,,,FORT WORTH,TX,76136,188810,840,2012,392040,2004,3,0,0,2003
6.00E+14,3517219,2998,,,BLANCHARD,LN,,,ALBURTIS,PA,18011,94800,94800,0,6098,0,3,1,1,1971
6.00E+14,3541423,3029,,,KNOLLWOOD,AVE,,,STRAWBERRY,CA,95375,331100,30300,2015,6534,2795,2,2,0,2002
6.00E+14,3831369,3717,,NE,VALERIE,PL,NE,,PITTSBURGH,PA,15234,109163,109163,2015,7143,768,2,1,0,1962
6.00E+14,4665717,6505,,,SOLITAIRE PALM,WAY,,,BANDON,OR,97411,104162,104162,2015,0,1303,5,4,0,1953
6.30E+14,442662,48,,,BARRETT,LN,,,RICHWOOD,TX,77531,60300,60300,0,0,0,0,0,0,0
6.30E+14,978550,208,,E,HUMBLE,ST,,,CAMBRIDGE,ID,83610,223900,223900,2011,16552,2470,3,2,1,1999
6.30E+14,2136795,1004,,,MONNA,AVE,,,MANHEIM,PA,17545,104900,26225,2012,8250,826,0,2,0,2007
6.30E+14,2245195,1104,,W,000017TH,PL,,,GERALD,MO,63037,3800,0,2011,5400,1288,3,1,0,1943
6.30E+14,4836980,7328,,,COLONY PARK,DR,,,TENAFLY,NJ,7670,107500,107500,2013,15681,1582,3,2,0,1987
6.39E+14,356742,33,,,HAMPSHIRE,CT,,,MORIARITY,NM,87035,74000,74000,2012,5227,0,2,1,0,1960
6.39E+14,472285,54,,,LONE PINE,CT,,,HOBART,NY,13788,68317,65079,0,207345,1232,3,2,0,2008
6.39E+14,769894,127,,,PALERMO,DR,,,OLATHE,KS,66062,119835,119835,2013,6000,1447,3,2,0,1982
6.39E+14,900426,176,,,000015TH,AVE,,,NIPOMO,CA,93420,196639,196639,2014,8700,2504,3,2,1,2008
6.39E+14,1636831,578,,N,ROAST MEAT HILL,RD,,,GLEN ALLEN,VA,23060,216240,216240,2013,6540,1178,3,2,0,1977
1.03E+15,653437,106,,,AMHERST,AVE,,,SLATE HILL,NY,10973,109000,109000,2013,6147,0,3,2,0,2003
1.03E+15,2700849,1610,,,000205TH,ST,E,,MARYVILLE,TN,37803,55000,55000,0,2880,2440,6,2,0,1890
1.03E+15,3178388,2319,,N,JANSSEN,AVE,,,MILWAUKIE,OR,97267,114148,114148,2013,0,2209,5,3,0,2007
1.03E+15,3649851,3275,,,PICCARD,LOOP,,,HYATTSVILLE,MD,20782,74440,70880,2012,0,1124,2,1,0,1971
1.03E+15,4417774,5516,,,HUNTINGTON,AVE,,,PHOENIX,AZ,85353,134015,134015,2013,0,1942,4,3,0,2003
1.10E+15,522850,67,,,FERNWOOD,DR,,,WEST PALM BEACH,FL,33409,228976,0,2012,0,1667,4,1,1,1999
1.10E+15,689976,111,,,WHIPPOORWILL,DR,,,GREY FOREST,TX,78023,104590,38440,2012,4420,1509,3,2,1,1982
1.10E+15,3241780,2429,,E,EVERGREEN,AVE,,,LAKE BUTLER,FL,32054,99500,99500,2012,5566,0,0,0,0,0
1.10E+15,3288517,2519,,N,MCVICKER,AVE,,,AVALON,CA,92704,14784,0,2015,2320,0,0,0,0,0
1.10E+15,3616337,3206,,,ANTRIM,CIR,,,DIGHTON,MA,2715,271422,271422,2013,0,3529,4,3,1,2011
1.10E+15,3827323,3711,,,WESTMARK,CIR,,,WALDORF,MD,20695,93600,93600,2013,4000,930,3,1,1,1995
1.10E+15,4339973,5237,,,COWELL,BLVD,,,PITTSBURGH,PA,15204,85000,85000,2012,26244,0,0,0,0,0
1.10E+15,4401557,5450,,N,KIMBALL,AVE,,,MADERA,CA,93637,259447,25271,2011,217800,1916,3,2,1,2008
1.15E+15,848955,151,,,TWIN RIDGE,DR,,,ARGO,IL,60501,259400,0,0,182952,2669,3,3,0,2008
1.15E+15,903403,177,,S,ASHBURNHAM,RD,,,BRIDAL VEIL,OR,97010,229100,229100,2013,25000,3564,0,3,0,1933
1.15E+15,1502153,494,,S,GULF,RD,,,ALBANY,NY,12250,154675,154675,2016,1240,1105,3,2,1,2001
1.15E+15,1829065,720,,,MILFORD,ST,,,SANTA ROSA (OUTSIDE),CA,95403,127400,44590,2011,16727,1896,4,2,1,2005
1.15E+15,1981287,844,,,GREENTHORNE,BLVD,,,FT PIERCE,FL,34949,202953,202953,2016,7700,1452,3,2,0,1977
1.15E+15,3183556,2325,,,DOWNS,RD,,,COTO DE CAZA,CA,92679,48290,0,0,0,846,0,1,0,1964
1.15E+15,3360449,2650,,W,ANDREWS,AVE,,,MONTGOMERYVILLE,PA,18936,40800,14280,2015,0,2226,3,2,1,2015
1.15E+15,3408085,2745,,,LODESTONE,DR,,,HINCKLEY,IL,60520,92840,78049,2012,3550,1449,3,2,0,2005
1.15E+15,3725587,3445,,,MONTE MORO,,,,SYLVAN BEACH,NY,13157,221000,20039,2012,37534,2459,0,0,0,1986
1.15E+15,4185967,4725,,N,LA RUEDA,,,,WOODLANDS,TX,77381,155600,155600,2012,7405,0,2,1,0,1926
1.26E+15,48725,4,,,LONG,AVE,,,SUNRISE,FL,33323,271000,271000,2013,6880,2392,4,2,1,1963
1.26E+15,83528,6,,,TRILLUM,LN,,,WAYLAND,MA,2193,79889,79889,2012,7657,1657,4,1,0,1977
1.26E+15,94604,7,,,PARMENTER,AVE,,,PLYMOUTH,MN,55441,23800,23800,2010,19994,1754,3,2,1,2010
1.26E+15,220326,17,,,TIMBER,RD,,,LOS ANGELES,CA,90063,89000,89000,2013,7840,954,3,1,0,1966
1.26E+15,994609,212,,,FREYER,DR,NE,,PHILOMONT,VA,20131,59800,59800,2014,11199,1241,3,0,0,1993
1.26E+15,1836173,724,,,EASTER,ST,,,ALLENTOWN,PA,18102,191600,191600,0,9100,2534,4,2,1,2009
1.26E+15,2910797,1903,,,SADDLE BROOK,DR,,,CLIO,CA,96106,61610,61610,2012,0,0,0,0,0,0
1.26E+15,3083959,2158,,,RIVERSIDE,DR,,,UPPER MORELAND,PA,19006,90300,0,0,0,1235,3,2,0,1998
1.26E+15,3952189,4040,,,GRAND VIEW,BLVD,,54,RIO LINDA,CA,95673,0,0,0,2700720,0,0,0,0,0
1.26E+15,4186238,4726,,,LAS PALMAS,CT,,,WAELDER,TX,78959,18816,18816,2014,2159,1320,0,0,0,0
1.26E+15,4597143,6213,,,WILSON,RD,,,ZOLFO SPRINGS,FL,33890,72600,0,0,8496,0,3,1,1,2000
1.26E+15,4624905,6321,,,STONEWALL,LN,,,PATERSON,NJ,7514,139880,139880,2013,10454,1391,4,2,0,1992
1.37E+15,535768,71,,,ENTRANCE,WAY,,,LOS ANGELES,CA,90067,103900,103900,2012,7200,960,3,1,1,1976
1.37E+15,581209,87,,,DEERFIELD,LN,N,,BELVIDERE,TN,37306,78000,7800,2012,10373,1312,0,0,0,1990
1.37E+15,698131,113,,,BURLEIGH,DR,,,WARREN,NJ,7059,161436,160219,2013,0,2288,0,2,0,2002
1.37E+15,1543599,512,,N,ARCADIA,AVE,,,LINWOOD,NY,14486,252000,252000,0,21780,2647,3,2,1,2007
1.37E+15,4059551,4335,,E,POLLACK,LN,,,EAST FALMOUTH,MA,2536,132128,132128,2012,20400,2564,4,2,0,1984
1.37E+15,4782661,7050,,E,HORSETHIEF DRAW,RD,,,WRIGHTSTOWN,NJ,8562,7140,7140,2015,10000,0,0,0,0,0
1.45E+15,1858653,739,,NW,HOLCOMB,DR,,,GLENDORA,CA,91740,78300,0,0,9380,0,3,2,0,2001
1.45E+15,3399752,2729,,,QUAIL KNOLLS,WAY,,,MINNEAPOLIS,MN,55428,105921,105921,2013,6708,964,3,1,1,1974
1.45E+15,3676070,3328,,,PINE RIDGE,DR,,,LANCASTER,CA,93536,31000,31000,2014,0,0,0,0,0,0
1.62E+15,58594,5,,,CHRISTAMON,,W,,BRIGHTON,AL,35020,202206,19710,2012,5000,560,2,1,0,1999
1.62E+15,70407,5,,S,GEORGE,ST,,,PASCOAG,RI,2859,0,0,0,10920,2058,3,0,0,2002
1.62E+15,277437,23,,,LORELEI,DR,,,LYNCHBURG,OH,45142,116959,112863,2012,8960,1406,3,2,0,1961
1.62E+15,781452,130,,,NEWPORT,AVE,,,CAZADERO,CA,95421,117300,117300,2012,5000,950,2,2,0,1937
1.62E+15,1186183,305,,,TWELVE OAKS,DR,,,EDEN,NC,27288,170102,170102,2013,7696,1189,3,2,0,1968
1.62E+15,3220871,2406,,,FAIRVIEW,DR,,,SPRINGFIELD,IL,62711,15930,15930,2012,7840,1364,3,2,0,1991
1.62E+15,3417659,2775,,,ELIZABETH,LN,,19,LA CONNER,WA,98257,96000,33600,2013,12806,1500,3,1,0,1964
1.65E+15,1259564,330,,,BURNET,DR,,,OXFORD,MI,48370,47600,16660,2011,3615,1872,2,2,0,1910
1.65E+15,1724368,632,,E,000005TH,ST,,,MOSELEY,VA,23113,260000,0,2012,9613,1105,4,3,0,1992
1.65E+15,3237217,2423,,S,000107TH EAST,AVE,,,VALLEJO,CA,94591,70300,17575,2012,9723,1161,0,1,1,1980
1.65E+15,4473270,5721,,NE,000021ST,RD,,,KNOXVILLE,SC,37917,257040,257040,2014,5898,1408,3,1,0,1982
1.86E+15,558314,78,,,SUNSET BAY,ST,,,WOODBRIDGE,CA,95258,131300,0,0,8003,0,4,2,1,2011
1.86E+15,688913,111,,,RIVER,RD,,0001-E,OAKWOOD,OH,44146,21793,21793,2013,87120,3318,5,3,0,2003
1.86E+15,847981,151,,,JOHN,ST,,,MEMPHIS,TN,38018,34100,34100,2014,0,0,0,0,0,0
1.86E+15,887034,169,,,CLINTON,ST,,,BIRDS LANDING,CA,94512,91620,91620,2016,0,1266,4,2,0,2016
1.86E+15,898673,175,,,HIDDEN,LN,,,LUMBERVILLE,PA,18933,19640,19640,0,0,0,2,0,0,1987
1.86E+15,1637437,579,,W,AURORA,DR,,,PLYMOUTH,FL,32768,410729,410729,2012,6499,1924,3,2,0,1943
1.86E+15,2015724,892,,,COUNTRY LAKE,DR,,,OAKLAND,CA,94602,139100,139100,2013,5601,0,0,0,0,0
1.86E+15,4835543,7322,,N,SKYVIEW,LN,,00N203,SELKIRK,NY,12158,6700,1675,2015,15246,1450,0,1,1,1995
1.91E+15,12649,1,,N,DEE,RD,,00003B,HUMBOLDT,TN,38343,7000,7000,2013,7569,0,3,0,0,2013
1.91E+15,282815,24,,,BREEZY HILL,RD,,,FLUSHING,NY,11363,12170,12170,2013,8280,0,0,0,0,0
1.91E+15,1179428,303,,S,MCCARRON,ST,,,CARMEL VALLEY,CA,93924,151000,151000,2014,4791,1761,2,2,1,2001
1.91E+15,1884170,766,,,DELANO,AVE,,,CALEXICO,CA,92231,0,0,0,2699,2080,3,3,1,2007
1.91E+15,4192843,4745,,S,KEDVALE,AVE,,,LEANDER,TX,78646,13383,13383,2012,3800,1270,0,1,0,1940
1.91E+15,252120,20,,,WANDA,WAY,,,SONOMA (OUTSIDE),CA,95476,133700,133700,2012,4399,0,0,0,0,0
1.91E+15,1480589,466,470,,ORVILLE,ST,,470,SHORTSVILLE,NY,14548,10048,10048,2013,672,784,0,0,0,0
1.91E+15,2150926,1011,,,DEWBERRY,DR,,,MADBURY,NH,3820,248800,248800,2013,6625,1040,3,1,1,1966
1.91E+15,2975363,2003,,,FARMSVILLE,DR,,,COWICHE,WA,98923,301300,120520,2012,18405,2100,3,3,0,1971
1.91E+15,3159118,2301,,,COLLINS,AVE,,705,OLYMPIA,WA,98512,219510,219510,2012,62286,2204,4,1,0,1974
1.91E+15,3945911,4025,,,WOODFIN,ST,,,SHAWNEE ON DELAWARE,PA,18356,8910,3430,2012,5035,1288,3,1,1,1963
1.91E+15,4073144,4394,,NE,CASTLE HEIGHTS,DR,,,RIVERSDALE,CA,93656,186790,186790,2012,15655,2444,4,2,1,2003
1.96E+15,184682,14,,,STARLIGHT,LN,,,MAMMOTH,AZ,85618,232560,0,2012,5035,1200,3,2,0,1996
1.96E+15,2834877,1797,,W,GREENLEAF,AVE,,,CHEYNEY,PA,19319,24446,24446,2012,13620,1465,0,2,1,1967
1.96E+15,4796130,7123,,,CAMBERWOOD,DR,,,NORTH PLAINFIELD,NJ,7062,36720,36720,2015,4098,2154,4,3,0,2015
2.00E+15,457688,51,,,ASHTON,PL,,,PINETTA,FL,32350,189720,189720,2013,0,0,0,0,0,1996
2.00E+15,481976,56,,,MARSH LAKES,DR,,,NISKAYUNA,NY,12309,75303,0,2012,12500,1284,0,0,0,1992
2.00E+15,616852,100,,,SINCLAIR,ST,,,WASHINGTON,DC,20216,83900,83900,2013,8494,0,0,0,0,1965
2.00E+15,1670192,607,,,CEMBRA,CT,,,DERBY,CT,6418,85090,63947,2014,0,0,1,1,0,1995
2.00E+15,2205984,1051,,,EATON,CT,,,EAST KINGSTON,NH,3827,37088,37088,2013,15900,1351,3,2,0,1982
2.00E+15,2633246,1517,,E,PALM,AVE,,,PERRY,OH,44081,93800,93800,2013,8327,902,3,1,0,1905
2.00E+15,2679830,1581,,,SUNSET AVENUE,EXT,,,BLOOMINGBURG,NY,12721,147400,51590,2011,6000,2184,4,1,1,1987
2.00E+15,3739213,3500,,,WINTERGREEN,TER,,,MILLPORT,NY,14864,58600,0,2015,3006,1150,4,1,0,1962
2.04E+15,92326,7,,,KNOLLCREST,DR,,,NARANJA,FL,33032,76214,76214,2013,4800,930,2,0,0,1942
2.04E+15,1792852,704,,,ERIN,DR,,,TRABUCO,CA,92678,28010,28010,2012,5200,0,3,1,1,1966
2.04E+15,1843977,728,,S,ARLINGTON HEIGHTS,RD,,,BLOOMING GROVE,TX,76626,130400,130400,2012,36154,1629,3,1,1,1978
2.04E+15,4214872,4821,,,MYRTLE OAK,DR,,25,SAN BERNARDINO,CA,92376,32250,0,2012,93654,0,0,0,0,0
2.32E+15,166226,12,,,WESKORA,AVE,,,CRYSTAL LAKE,IL,60014,16406,0,2014,5070,0,0,0,0,0
2.32E+15,325978,29,,,ETON,LN,,,OCALA,FL,34476,81775,81775,2016,91476,0,2,1,0,1992
2.32E+15,687590,111,,,KOEHL,ST,,,NORTH STONINGTON,CT,6359,55300,55300,0,6380,1047,3,1,0,1972
2.32E+15,1452778,443,,,LOS ARBOLITOS,BLVD,,,GRANT PARK,IL,60940,43272,43272,2013,9400,922,3,1,0,1970
2.32E+15,2414404,1264,,,NEVIS,CT,,,FRANKTOWN,CO,80104,78500,78500,2011,77536,2180,4,2,1,2000
2.32E+15,2741806,1651,,,ESTATE,CIR,,,LOCH LOMOND,CA,95461,158100,158100,2012,5662,2016,3,1,1,1943
2.32E+15,3115848,2216,,,CLOVER RIDGE,DR,,,DALY CITY,CA,94015,35200,30348,2015,43560,1052,2,2,0,1980
2.32E+15,3585937,3124,,W,POWHATAN,AVE,,,VENICE CENTER,NY,13147,36740,36740,2012,0,0,0,0,0,0
2.32E+15,4147214,4611,,,CHRISTOPHER,CT,,,FOX RIVER VALLEY GARDENS,IL,60010,13020,13020,2012,7535,1240,4,1,1,1975
2.32E+15,4662402,6492,,,000084TH,PL,,,NORFOLK,VA,23512,10806,10806,2015,22228,1400,3,2,0,1988
2.39E+15,272642,22,,S,BELMONT,CIR,,,CLOVIS,CA,93611,9140,9140,2012,5183,672,2,1,0,1944
2.39E+15,1129453,269,,,MCNARY ESTATES,DR,N,,BAY SHORE,NY,11706,1600,0,2014,76665,0,0,0,0,0
2.39E+15,3625596,3217,,,RIO LINDA,BLVD,,,ROLL,AZ,85347,120200,120200,2013,19665,1881,4,2,1,1991
2.39E+15,3660105,3306,,,ARUBA,WAY,,00000N,HOLLAND,PA,19053,397800,397800,0,8174,2030,3,3,0,1963
2.39E+15,4417924,5516,,,WEXFORD,RD,,,PONTOON BEACH,IL,62040,165480,165480,2012,7840,952,2,2,0,1954
2.48E+15,69690,5,,,WISTERIA,LN,,,FT WORTH,TX,76111,0,0,0,1615,0,2,2,2,1925
2.48E+15,749672,122,,W,HELEN,RD,,,PLEASANT HILL,CA,94523,237200,0,0,7425,0,4,2,1,1993
2.48E+15,1328880,379,,,FLANDERS H,,,,GEYSERVILLE,CA,95441,86700,86700,0,392,1140,2,1,0,1923
2.48E+15,1712599,625,,E,260TH,ST,,,RICHARDSVILLE,VA,22736,99800,99800,2013,7500,1396,3,1,1,1976
2.48E+15,3394571,2721,,NW,000073RD,AVE,,32,TUCSON,AZ,85710,3060,0,0,16344,976,3,1,0,1959
2.48E+15,3540200,3027,,,ASPEN,RD,,,CLAYTON,MO,63105,130400,130400,2016,10890,0,2,1,0,1888
2.48E+15,4774173,7016,,,BRIGHTON,LN,S,,WEST PALM BEACH,FL,33406,244494,244494,2016,7290,1509,4,2,0,1964
2.48E+15,4804929,7171,,NW,000115TH,WAY,,,PAROWAN,UT,84761,133640,121080,2015,1200,1200,0,3,1,1997
2.49E+15,489952,58,,,PAGE,RD,,,OMAHA,NE,68142,0,0,0,9720,984,3,1,0,1969
2.49E+15,648950,105,,,LEAKE,AVE,,40,LILLIWAUP,WA,98555,17190,17190,2012,4800,0,3,1,0,1944
2.49E+15,1901831,795,,,PLATINUM,AVE,,,FAIRBORN,OH,45324,130300,12690,2012,7004,2136,3,1,1,1975
2.49E+15,1993541,857,,,ABBEY,DR,,,DUNN LORING,VA,22027,71804,0,0,82764,2472,0,0,0,1986
2.49E+15,2476673,1330,,,CEDARWOOD,DR,,0000D2,PANORAMA CITY,CA,91402,185530,185530,2008,20908,2555,4,2,1,2004
2.49E+15,2540011,1412,,,000238TH,PL,SW,,LAYTON,FL,33001,22941,0,2012,6377,504,2,1,0,1957
2.50E+15,60186,5,,,EMBASSY,CIR,,,OAK LAWN,IL,60457,126506,126506,2015,233046,0,2,2,0,1998
2.50E+15,447012,49,,,APRIL,VLG,,,CROWS LANDING,CA,95313,75000,75000,0,168141,6415,6,6,0,1853
2.50E+15,640860,104,,,FOREST VALLEY,RD,,,JONESBOROUGH,TN,37659,76000,76000,2012,6311,582,1,1,1,1970
2.50E+15,2053753,916,,,KNOX,ST,,,LADERA RANC,CA,92694,15671,15671,2012,0,3848,0,3,1,2010
2.50E+15,4103952,4480,,W,4895,,S,,DADE CITY,FL,33523,0,0,0,8276,1088,0,0,0,1969
2.50E+15,393664,39,,,BROOKSIDE,AVE,,,FOUNTAIN HILLS,AZ,85268,78547,78547,0,4791,0,0,2,0,2012
2.50E+15,2573942,1440,,,SHERIDAN,RD,,304,PLANO,TX,75020,28904,28904,2012,1306,0,3,2,0,1992
2.50E+15,2710874,1617,,,HOLLY BROOK,RD,,,HAMILTON,VA,22068,146810,0,0,0,1024,3,3,1,2011
2.50E+15,2991605,2017,,,JANETTE,DR,,,NEW YORK,NY,10003,94920,0,0,0,1449,0,2,0,1987
2.50E+15,3454779,2841,,,WALKER,DR,,,BAYTOWN,TX,77521,261890,261890,2012,871,1553,3,2,1,1998
2.50E+15,3837501,3728,,,SUMMER ROSE,CT,,,WASHINGTON,DC,20001,54500,4707,2012,6504,1118,0,0,0,1968
2.50E+15,4416597,5513,,,TOBEGO,CT,,,TRENTON,NJ,8638,11420,11420,2011,4356,0,3,2,0,1933
2.52E+15,1069550,235,,,MARKET,ST,,406,HOMESTEAD,FL,33137,189430,189430,0,520978,0,0,0,0,1991
2.52E+15,1891879,777,,E,VALLEY,BLVD,,92,WEST BROOKFIELD,MA,1585,168110,168110,2014,6284,2626,4,2,1,2004
2.52E+15,3394011,2721,,,FRONTIER,LN,,,BOSTON,MA,2113,31710,31710,2012,4785,828,2,0,0,2000
2.52E+15,3719016,3430,,N,DALE,DR,,,EAST HANOVER,NJ,7936,115000,0,2012,7405,1766,4,3,0,2001
2.58E+15,282452,24,,,BAY,RD,,,MARTINS CREEK,PA,18063,81580,32630,2013,12393,1238,0,1,1,1970
2.58E+15,486427,57,,,PROSPECT,AVE,,,CENTENNIAL,CO,80111,18210,0,2014,0,0,0,0,0,1986
2.58E+15,998888,213,,,HERMITAGE,LN,,,SALT POINT,NY,12578,24701,24701,2013,6250,738,2,1,1,1953
2.58E+15,2436805,1302,,E,AVENUE R,,,5,RADNOR,OH,43066,81400,0,2013,0,0,0,0,0,2010
2.58E+15,3959088,4061,,,SEAGULL,DR,,,COPALIS CROSSING,WA,98536,5655,0,2012,7335,1566,0,0,0,1974
2.59E+15,951196,202,,,POST,RD,,,WEBSTER,NY,14580,99600,99600,2012,5000,1923,0,0,0,2013
2.59E+15,1248105,325,,,CALLAN,AVE,,2,OAKWOOD HILLS,IL,60013,195300,195300,2013,12596,2420,5,2,1,2007
2.59E+15,3309095,2553,,,JIGGER,WAY,,,SHANNOCK,RI,2875,34500,3221,2012,6092,1754,0,0,0,2008
2.59E+15,3568066,3101,,W,ELGIN,ST,N,,NEWTON,MA,2158,56873,56873,0,199940,0,0,0,0,0
2.59E+15,3632682,3228,,,NEEDHAM,DR,,,ELKINS PARK,PA,19027,101000,101000,2013,8712,1730,3,2,1,2000
2.59E+15,4088612,4425,,,VINCENTE,LN,,,CRUMP,TN,38327,0,0,0,0,0,0,0,0,0
2.65E+15,72868,6,,,BROOKS,DR,,,CRYSTAL,MI,48818,115840,0,2015,2395,1524,3,0,0,1990
2.65E+15,853589,153,,,TRUXTON,RD,,,TANNERSVILLE,PA,18372,221605,221605,2013,15825,2258,3,2,1,1997
2.65E+15,1403181,418,,,GIRARD,ST,,101,MORROBAY,CA,93442,111270,111270,2013,7800,0,3,1,0,1972
2.65E+15,1768758,677,,,SOMERSET,DR,,,GOLDEN VALLEY,MN,55416,159000,159000,2012,1218,0,3,1,1,1913
2.65E+15,2777356,1710,,E,000006TH,AVE,,,WILLITS,CA,95490,0,0,0,11918,851,2,1,0,1968
2.65E+15,3590644,3132,,,VERDUGO,RD,,,OTISVILLE,NY,10963,84129,66740,2015,9147,1343,0,2,0,1979
2.65E+15,4533187,5953,,,GENTLE CALL,,,,SASSAMANSVILLE,PA,19472,4300,4300,2015,6838,1275,0,2,0,1968
2.65E+15,4561053,6066,,,HERBERT,ST,,,AMERICAN FORK,UT,84003,72210,0,2014,3080,0,0,0,0,0
2.70E+15,154380,11,,E,MAPLE,AVE,,,NORTH LAS VEGAS,NV,89031,20000,20000,2012,0,0,0,0,0,0
2.70E+15,1394429,415,,,CLOVERLEAF,RD,,,BURLINGTON,IL,60109,70518,69980,2012,0,1374,3,2,0,1975
2.70E+15,1801986,708,,,CHURCH,RD,,,SAN JOSE,CA,95127,65300,65300,2010,144183,0,0,0,0,0
2.70E+15,1874962,755,,,BAILEY,RD,,,SENOIA,GA,30276,174348,174348,2012,3948,0,2,0,0,1985
2.70E+15,2218177,1067,,,PARADISE COACH,DR,,,QUIOGUE,NY,11959,215100,215100,2013,5574,846,2,2,0,2008
2.70E+15,4628157,6331,,,EDGEMONT,CIR,N,,WHISPERING PINES,CA,95426,134700,134700,2015,2674,1095,2,2,0,1992
2.71E+15,594789,92,,,SILVERTHORNE,DR,,,DOWNERS GROVE,IL,60516,70100,67874,2012,14810,1400,2,0,0,1999
2.71E+15,710319,115,,,LUECK,LN,,,WAYNE,MI,48184,172000,172000,2013,4000,1010,2,1,0,1953
2.71E+15,1378472,409,,NE,000075TH,ST,,,MYSTIC,CT,6355,56700,0,2013,0,0,0,0,0,1978
2.71E+15,3146524,2261,,SE,PEAR,LN,,,COLORADO SPRINGS,CO,80908,0,0,0,0,0,0,0,0,0
2.71E+15,3208992,2380,,,NASH,CIR,,,SALKUM,WA,98582,168080,0,2015,0,2045,4,2,1,2013
2.71E+15,3592130,3135,,,VINE,ST,,,VEVAY,MI,48854,17580,17580,2012,5040,0,2,1,0,1963
2.71E+15,4017729,4221,,,OLD DOMINION,RD,,,HOWELL,NJ,7731,98396,98396,2012,8360,0,3,0,0,2002
2.71E+15,4132263,4555,,,BOMANN,DR,,,EAGLE,NE,68347,146200,146200,2013,0,0,4,1,1,1996
2.72E+15,330450,29,,E,300,,N,,KINGSTON,NH,3848,105730,37840,2013,7128,1428,0,2,0,1966
2.72E+15,880000,165,,,LOCKWOOD,AVE,,,PENSACOLA,FL,32503,114671,114671,2016,0,1056,3,2,0,1990
2.72E+15,952110,202,,E,000074TH,ST,,,ROGUE RIVER,OR,97537,59700,59700,0,8710,1377,3,1,1,1961
2.72E+15,1073207,236,,N,NORMANDY,DR,,,FAIRPORT HARBOR,OH,44077,131080,131080,2012,6534,0,0,0,0,0
2.72E+15,4640417,6400,,N,MIAMI,AVE,,,SHELBY,MI,48315,268339,268339,2016,0,0,0,0,0,1995
2.76E+15,1602612,543,,,JILLIENE,WAY,,,CLEVELAND,OH,44138,157430,157430,2011,13939,1472,3,1,1,1968
2.76E+15,1890828,776,,,FINDLAY,AVE,,,HARRISVILLE,RI,2830,150900,14690,2012,10530,2743,3,1,1,1976
2.76E+15,3152476,2280,,NW,000001ST,ST,,,CONCORD,NY,14044,0,0,0,5227,2716,5,3,0,1927
2.76E+15,4162715,4648,,,RITA,DR,,,TEMPLE,NH,3084,51100,51100,0,3525,1734,2,2,1,1960
2.76E+15,4877327,7532,,,SOPER HILL,RD,,,GREENVILLE,DE,19807,66146,66146,2015,18444,1468,2,2,0,1983
2.76E+15,860540,156,,,NELSON,AVE,,,POMPANO BEACH,FL,33308,15750,15750,2012,0,968,2,1,1,1987
2.76E+15,1878038,758,,,STOUT,AVE,,,VERNON,WI,53149,150995,150995,2013,1238410,1014,2,0,0,0
2.76E+15,2140710,1006,,,FORDHAM,DR,,,BROOMALL,PA,19008,92440,0,0,0,0,0,0,0,0
2.76E+15,2179145,1027,,,MONTGOMERY,ST,,,CHESTER,CT,6412,46170,11543,2011,5227,1832,3,2,0,1918
2.76E+15,3000245,2025,,,OXFORD,AVE,,7,FRESNO,CA,93705,64697,64697,2013,0,1281,3,2,1,2000
2.76E+15,3094291,2188,,,MULBERRY,ST,,,FORESTVILLE,NY,14062,223060,223060,2010,13068,1212,2,2,1,1938
2.76E+15,3158096,2300,,,PINE STREET,RD,,,NEW HAVEN,MI,48048,92300,92300,2013,11040,1209,3,1,1,1994
2.76E+15,3348463,2628,,W,LEGENDARY,RUN,,,EAST BERNARD,TX,77435,81000,7273,2012,9849,1533,0,0,0,1974
2.76E+15,3967954,4102,,,GREENWICH,LN,,,HIGHLAND PARK,IL,60037,102534,102534,2015,6851,1500,3,0,0,2015
2.76E+15,4535721,5969,,,CHARIOT,LN,,,PLANTATION,FL,33317,6240,6240,2015,762,955,0,0,0,0
2.76E+15,4723622,6758,,,TRILOBITE,TRL,,,SALEM,OH,44460,44200,44200,0,0,808,1,1,0,1981
2.77E+15,101514,8,,,BURR,DR,,,TOPAZ,CA,96133,138300,138300,2015,10659,0,0,0,0,0
2.77E+15,480638,56,,,COMMERCIAL,ST,,,SUGARLOAF,CA,92325,39196,39196,2012,0,0,0,0,0,0
2.77E+15,1978131,841,,,CALLE ARROYO,,,,CATSKILL,NY,12414,59160,59160,2015,0,0,0,0,0,0
2.77E+15,3690429,3365,,,000039TH,ST,S,00000A,ROCHESTER,IL,62563,29145,29145,2012,1535,744,2,2,0,1991
2.77E+15,4393121,5423,,E,VIRGINIA,AVE,,,EAST WAREHAM,MA,2538,265200,265200,2012,5000,1243,3,0,0,1976
2.77E+15,4952282,7928,3NW,,TRINITY,CIR,,,STILLWATER,NJ,7855,32150,32150,2016,67082,0,0,0,0,0
2.85E+15,1350611,401,,,ALMONDTREE,CIR,,,TIMONIUM,MD,21093,7600,7600,2012,4600,816,0,1,1,1958
2.85E+15,1431307,430,,,PAMELA,RD,,,SPRECKLES JUNCTION,CA,93962,65990,65990,2013,2500,1198,2,1,0,1917
2.85E+15,2519978,1400,,,GANDY,BLVD,N,215,ROGERS,MN,55374,45024,45024,2012,0,0,0,0,0,0
2.85E+15,3113655,2214,,,BOXWOOD,WAY,,,BELLEMONT,AZ,86015,34248,34248,0,54450,984,3,0,0,1982
2.85E+15,3843759,3742,,N,BRAEWOOD,AVE,,,GAINESVILLE,GA,30506,154500,0,2012,662112,2732,3,2,0,1913
2.85E+15,4200642,4781,,,PRINCETON,RD,,,STOKESDALE,NC,27025,247500,24530,2012,10960,3661,0,0,0,2011
2.93E+15,265729,22,,,COLONY,RD,,,LAKE WAUKOMIS,MO,64151,81713,81713,0,4639,1106,0,1,1,1981
2.93E+15,389381,38,,,HIGHLAND,CIR,,,CENTREVILLE,DE,19807,260260,0,0,9051,2676,0,3,1,2013
2.93E+15,1771205,681,,,CEDARCREST,RD,,,TALLAHASSEE,FL,32308,2500,2500,2012,0,0,0,0,0,0
2.93E+15,2694112,1605,,,BROOKHAVEN,CIR,,,STRATFORD,CT,6614,110762,110762,2012,10087,1361,0,1,1,1983
2.93E+15,2896925,1873,,,LAUREL LINDALE,RD,,,OWINGS,MD,20736,174330,0,0,11700,2294,0,2,0,1997
2.93E+15,3135358,2240,,,CABALLEROS,RD,,,CHERRY GROVE,NY,11782,12866,12866,2012,40080,2203,0,2,1,1982
2.93E+15,3492561,2924,,S,CICERO,AVE,,,BRIDGEVILLE,PA,15017,170900,15640,2014,6870,0,3,2,0,1971
2.93E+15,3715669,3424,,N,NAGLE,AVE,,,WHITEHOUSE,NJ,8888,140690,140690,0,8276,1046,2,1,1,2002
2.93E+15,3787536,3612,,,000024TH,ST,,,STANLEY,NY,14561,139066,139066,0,7260,0,0,0,0,1997
2.93E+15,4406628,5478,,,BEAUJOLAISE,LN,,,FOXFIELD,CO,80016,125000,125000,2013,0,1099,2,2,0,1992
2.93E+15,4690139,6610,,,EL CAPITAN,CIR,,,PORTLAND,OR,97219,65909,65909,2015,3639,0,3,2,0,1991
3.04E+15,1063031,232,,,WITHINGTON,AVE,,,SAN FRANCISCO,CA,94121,53000,0,0,7060,2240,0,2,1,1926
3.04E+15,1482923,469,A,,PORTLOCK,RD,,,ELGIN,IL,60120,73850,62110,2014,6499,1560,0,1,0,1934
3.04E+15,1922572,807,,S,RICHARDSON,AVE,,,BETHEL SPRINGS,TN,38315,81900,81900,0,8970,1652,3,2,0,1972
3.04E+15,2219579,1070,,,CHAUCER,DR,,,BROWNSVILLE,TN,38012,181360,181360,2012,12675,1812,4,2,1,1985
3.04E+15,2479190,1332,,,ALLEY MILL,RD,,,SEAL ROCK,OR,97376,307000,307000,2015,13300,3035,3,3,0,1998
3.04E+15,3454751,2841,,,SURFRIDER,AVE,,,ROCKVILLE,MD,20906,49550,49550,2015,0,0,0,0,0,0
3.04E+15,3635791,3234,,,D,ST,,,S VIENNA,OH,45369,125000,125000,2013,0,1238,2,1,1,1883
3.04E+15,4151402,4619,,,32ND,RD,N,,FLAGLER BEACH,FL,32136,145350,145350,2012,49654,1560,3,2,0,2001
3.09E+15,239989,19,,,SHAWNEE,CT,,,SULTANA,CA,93666,55604,55604,2012,8393,1431,3,1,1,1992
3.09E+15,575780,85,,,CONDON,AVE,,,CURTICE,OH,43412,47500,47500,0,5704,941,2,1,0,1959
3.09E+15,1168580,301,,,ANDROS,DR,,,WESTLAKE VILLAGE,CA,91362,96040,38416,2014,27024,0,0,0,0,0
3.09E+15,1744934,649,,,OLINDA,ST,,,INDEPENDENCE,MN,55359,0,0,0,96526,2945,4,2,1,1990
3.09E+15,1915879,804,,NW,ROSACEAE,DR,,,COLORADO SPRINGS,CO,80908,99240,99240,0,5838,0,2,1,1,1949
3.09E+15,2413996,1263,,,SHERWOOD,DR,,,LINCOLN,NE,68528,20800,20800,2014,0,0,0,0,0,0
3.10E+15,2505,1,,,CLEMSON'S REDEMPTION,,,,WARSAW,MN,55087,257965,257965,2014,15094,2066,4,0,0,1995
3.10E+15,694787,112,,,NORWOOD,LN,,,MURRAYVILLE,GA,30564,242816,0,2012,17824,2662,3,1,0,1967
3.10E+15,1727436,635,,,000002ND,AVE,N,,GLENWOOD,NJ,7843,125800,125800,2013,9975,2157,0,0,0,1981
3.10E+15,1888427,772,,,STRAWBERRY,CT,,,FT MYERS,FL,33905,206220,204940,2012,6534,1293,2,3,0,1974
3.10E+15,2121093,989,,,CURTNER,AVE,,,SOUTH BRUNSWICK,NJ,8852,102990,102990,2014,7405,1344,3,2,0,1986
3.10E+15,3183301,2324,,W,HONOLULU,ST,S,,GROTON,MA,1450,70036,70036,2016,7700,1400,3,2,0,1966
3.10E+15,1065281,233,,,TOWERS,BLVD,,,VERO BEACH,FL,32966,12740,12740,2012,6500,0,3,2,0,1991
3.10E+15,1749303,653,,,BRISBANE,RD,,,ISLIP,FL,11571,60555,60555,2014,30623,5131,0,4,0,2005
3.10E+15,1790413,703,,,BAYLEY,CT,,,WASHINGTON,DC,20009,84400,0,2015,13140,1088,4,2,1,1974
3.10E+15,2121326,989,,,VESTA,RD,,,FRANKSTON,TX,75763,144930,144930,2008,32670,1610,3,1,1,1969
3.10E+15,2394431,1238,,,OAKLAND TERRACE,RD,,,LILBURN,GA,30047,85500,85500,0,16170,1703,3,1,1,1926
3.10E+15,3161462,2303,,,BEVERLY,DR,,305,GRANVILLE,TN,38564,116000,116000,2013,2587,1220,3,2,1,1994
3.10E+15,3523270,3005,,,RAIN DANCE,LN,,,WEST DENNIS,MA,2670,86252,86252,2012,810,744,1,1,0,1965
3.10E+15,4071680,4384,,,WOODHAVEN,DR,,,VILLA GRANDE,CA,95486,32670,32670,2012,9147,2160,3,2,0,2005
3.10E+15,203983,16,,,EMBER,LN,,,MONTE NIDO,CA,91302,44678,44678,2012,6970,0,4,2,0,1980
3.10E+15,252447,20,,,WILLOW,ST,,,MONTE RIO,CA,95482,139360,26480,2015,5227,0,3,3,0,1995
3.10E+15,1201760,310,,,CANTERBURY,RD,,,SAN ANTONIO,TX,78266,185300,185300,2012,12898,0,0,0,0,0
3.10E+15,1616174,555,,,000032ND,AVE,,,HERNDON,VA,20172,9194,9194,2013,0,0,0,0,0,1991
3.10E+15,2021509,900,,N,LAKE SHORE,DR,,1806,SANTA FE,NM,87505,85900,85900,2011,5000,1128,3,1,0,1937
3.10E+15,2090111,942,,N,JEFFERSON,AVE,,,ROCHESTER,NY,14646,108653,97797,0,0,2135,0,0,0,2012
3.10E+15,2220313,1070,,W,WOOD,ST,,,SMITHON,IL,62285,80200,80200,2016,6960,0,4,2,0,1985
3.10E+15,3246645,2437,,,IVYDALE,DR,SW,,CRANBERRY TWP,PA,16066,33970,33970,2016,0,0,2,2,0,1985
3.10E+15,3692369,3373,,,CONFETTI,LN,,,PORT CHARLOTTE,FL,33953,49397,49397,2016,9583,1304,2,2,0,1952
3.10E+15,4346705,5263,,,VENTURA,DR,,,ENGLAND,AR,72046,26530,0,2011,4230,1628,4,2,0,1927
3.10E+15,4657738,6456,,,MADISON,CT,,,WEST CATASAUQUA,PA,18052,3400,3400,2014,4356,882,1,1,0,1940
3.10E+15,4705164,6679,,SE,GLADYS,ST,,,MONTECITO,CA,93108,384421,384421,2015,6099,0,3,2,0,1973
3.11E+15,285219,24,,,HICKORY RIDGE,RD,,,SAN FRANCISCO,CA,94117,150889,150889,2013,15200,3268,4,2,1,1989
3.11E+15,359687,33,,,SUTTON,LN,,,OCEAN SHORES,WA,98569,128470,12510,2012,4277,0,3,1,1,2008
3.11E+15,993397,211,,W,SIMONDS,RD,,,CROWN POINT,NY,12928,0,0,0,12196,0,3,2,0,2002
3.11E+15,1100025,250,,,HELMSDALE,DR,,,GRAFTON,MA,1519,8928,8928,2013,968,1110,0,0,0,0
3.11E+15,2709261,1616,,,CHARMAINE,DR,,,HAVILAH,CA,93518,10740,10740,2011,10018,1296,4,1,1,1936
3.11E+15,3109528,2210,,,LAKE SHORE,BLVD,,,DEL VALLE,TX,78617,138000,138000,2014,9600,1050,3,1,0,1976
3.12E+15,593017,91,1031,,LAULAUNA,ST,,00014B,BERKELEY,CA,94706,24675,24675,2012,6534,943,2,1,0,1933
3.12E+15,675868,109,,,TEAL,AVE,,,STICKNEY,IL,60638,48550,48550,2010,6969,1008,3,1,0,1941
3.12E+15,999139,213,,,LATHAM,RD,,,HONOLULU,HI,96815,22200,5550,2012,9844,1548,0,2,1,1995
3.12E+15,3685488,3349,,,Q,ST,,,SARASOTA,FL,34237,39370,39370,2012,2960,0,2,1,0,1993
3.14E+15,394536,39,,,ERIC,LN,,,MODESTO,CA,95354,293367,226303,2014,92782,2184,3,2,0,1990
3.14E+15,3639791,3242,,W,AVENUE J2,,,,NAPLES,FL,34108,201370,201370,0,10280,2397,3,0,1,2001
3.25E+15,200759,15,17,,HOLLOWAY,AVE,,,MINNEAPOLIS,MN,55415,71816,71816,2014,7500,1390,3,2,0,1991
3.25E+15,1157321,293,,,RAVINE,AVE,,,MAYFIELD HEIGHTS,OH,44124,61320,61320,2012,13503,632,3,1,1,1933
3.25E+15,1528710,507,,,SHAMROCK,LN,,,STERLING,CT,6377,215600,215600,2012,9985,3184,5,2,0,1913
3.25E+15,1541910,512,,,CATLIN,DR,,,NARANJA,FL,33032,94300,94300,2015,7350,748,2,1,0,1964
3.25E+15,2333087,1193,,,FRISBIE,AVE,,,EASTOVER,SC,29044,145950,145950,2014,584139,0,0,0,0,0
3.25E+15,2644125,1526,,,OLYMPIC,DR,,,RIVERHEAD,NY,11901,5442,5442,2011,6499,1252,0,2,0,1987
3.25E+15,3784829,3608,,,STANFORD,DR,,,STATEN ISLAND,NY,10303,112200,112200,2013,8276,1084,3,2,0,2007
3.25E+15,4888238,7606,,,HILLSIDE,ST,,,GIBSON ISLAND,MD,21056,54500,54500,0,16775,1888,4,1,0,1893
3.29E+15,616154,100,,,RAILROAD,LN,,,FAIRTON,NJ,8320,116680,116680,2012,4881,1555,0,0,0,2011
3.29E+15,1217227,314,,,WINDRUSH,BLVD,,6,SCHAGHTICOKE,NY,12154,128622,128622,2012,5196,1710,3,3,0,1999
3.29E+15,1981010,843,,W,THURBER,RD,,,ROXBURY,NJ,7828,157770,157770,2013,2763,1584,3,2,1,2009
3.29E+15,4135075,4567,,,000148TH,CT,,,ROCKWALL,TX,75087,177963,177963,2012,435,1093,2,2,1,2005
3.39E+15,620438,101,,,BRISTOL,CT,,,PARSONS,TN,38363,77335,77771,2015,0,1299,0,0,0,1992
3.39E+15,2414126,1263,,S,NIGHT STAR,WAY,,,MAURICE RIVER,NJ,8324,229000,229000,2012,5066,1925,3,2,1,1991
3.39E+15,3656343,3301,,,NW00191ST,ST,,,WALTHAM,MA,2454,3005,3005,2013,18730,0,0,0,0,0
3.51E+15,525151,68,,,ANDREW,AVE,,,SAN ANTONIO,FL,33577,174180,91830,2015,784951,1221,3,0,0,1994
3.51E+15,2050631,914,,S,LARK ELLEN,AVE,,,ATLANTA,GA,30354,308309,308309,0,3149,1370,4,2,0,1976
3.51E+15,3694736,3384,,E,DOWLING MILL,CT,,,DETROIT,MI,48203,232384,232384,2012,5924,1145,3,1,0,1962
3.51E+15,4018955,4223,,SE,000001ST,AVE,,,HICKORY HILLS,IL,60457,48520,48520,2012,0,0,0,0,0,0
3.51E+15,4289049,5070,,,LAUREL,AVE,,,BERGER,MO,63014,36400,36400,2013,0,0,0,0,0,1984
3.54E+15,1518704,504,,,BRONZE BRANCH,CT,,,DOYLESTOWN,PA,18901,56600,56600,2012,4787,0,0,0,0,0
3.54E+15,2491529,1345,,NW,000188TH,ST,,,PHILADELPHIA,PA,19106,117400,117400,2013,11786,1652,0,2,0,1963
3.54E+15,2571132,1437,,,IRONWOOD,CT,,,VENUS,TX,76084,76700,76700,2013,3101,0,0,0,0,1953
3.54E+15,4813485,7216,,,UNIVERSITY,DR,,,LAKE MILTON,OH,44429,69110,24190,2015,5488,956,3,1,0,1963
3.56E+15,98637,7,,,WOODLAND,WAY,,,LEWISVILLE,NC,27023,165800,165800,2012,15412,1034,3,1,1,1973
3.56E+15,477156,55,,,MCQUADES,LN,,,NORCO,CA,92860,56620,56620,2015,7405,1506,3,2,0,2013
3.56E+15,1065012,233,,,RHODE ISLAND,ST,,,ORANGE,CA,92869,40650,40650,2012,4200,0,2,3,0,2005
3.56E+15,3227832,2413,,,BROOMSEDGE,TRL,,,BIRMINGHAM,AL,35020,43786,0,0,25696,2404,3,2,2,1823
3.56E+15,4107422,4500,,W,000225TH,ST,,,HOUGHTON,NY,14744,102550,102550,2013,0,1729,0,0,0,1992
3.56E+15,4656792,6451,,,DERBY,WAY,,,STAFFORD,TX,77477,364700,364700,2014,0,1535,2,2,0,1994
3.69E+15,917169,185,,W,000042ND,AVE,,,NORTH PLAINFIELD,NJ,7062,55400,55400,0,40953,0,0,0,0,0
3.69E+15,2736565,1643,,,PEACOCK,LN,,,LYNN,MA,1904,113000,113000,2013,988,0,0,0,0,0
3.69E+15,3381873,2707,,S,000158TH,AVE,,,BOCA GRANDE,FL,33133,6300,6300,2013,8400,1440,3,2,0,1967
3.69E+15,3638067,3239,,,SEA GRAPE,DR,,,LOS ANGELES,CA,91326,86653,0,0,8376,1126,3,1,1,1983
3.69E+15,3824337,3707,,W,PARK BALBOA,AVE,,,HEMET,CA,92544,65200,65200,0,9321,0,3,1,1,1991
3.69E+15,3968651,4103,,,OSAGE,LN,,,GLEN SPEY,NY,12737,7840,7840,2013,1117,1220,3,1,0,0
3.76E+15,2333914,1195,,,MANHATTAN,WAY,,,DENVER,CO,80220,172800,172800,0,18629,2410,3,2,1,2002
3.76E+15,3665619,3313,,,BRUNSWICK,AVE,,,NORTH MIAMI,FL,33161,128300,32075,2012,246114,2170,0,2,0,1988
3.76E+15,4155999,4628,,,TIMBERWOLF,TRL,,,DOVER,DE,19904,15840,15840,2012,3750,1820,0,2,0,1963
3.76E+15,4401958,5452,,,LAUREL RIDGE,DR,,,MILWAUKEE,WI,53226,157000,0,2012,1485,1308,2,3,0,1993
3.84E+15,489704,58,,,MIAMI,TRL,,,NEW HAVEN,CT,6512,29400,29400,0,18295,1580,4,2,0,1974
3.84E+15,3606065,3175,,E,ANAHEIM,DR,,,WHALEYSVILLE,MD,21872,98934,0,2012,7779,1434,5,3,0,1967
3.88E+15,937278,200,,,BLUESTONE,CT,,,LAKE CITY,CA,96115,271845,271845,2012,5529,1481,3,2,1,1999
3.88E+15,1615054,553,,E,RIVER,RD,,,ATLANTA,GA,30349,65440,65440,0,0,1574,2,2,0,1987
3.88E+15,1905580,800,,,SAFRIT,RD,,,SOUTHEAST,NY,10509,42600,14910,2011,4965,1972,6,2,0,1918
3.88E+15,2292500,1134,,,ALTA LOMA,RD,,301,ATLANTIC CITY,NJ,8410,136000,136000,2012,13799,0,0,0,0,0
3.93E+15,2110737,969,,,WILLIAM FLYNN,HWY,,,TEQUESTA,FL,33469,91900,91900,0,6969,1007,2,3,1,1893
3.93E+15,3871778,3821,,,CORBETT,DR,,,ENUMCLAW,WA,98092,57406,54965,2012,7701,1151,3,1,0,1978
3.93E+15,4056892,4330,,,BLOSSOM,LN,,,MOUNTAIN CENTER,CA,92561,234821,0,2012,10890,1276,3,2,1,1991
4.01E+15,122649,9,,,RIVERVIEW,DR,,00000E,INDEPENDENCE,MO,64051,76290,74396,0,12196,1552,3,2,0,1991
4.01E+15,426944,44,,W,ASPEN,RD,,,HARDING,NJ,7920,131300,131300,0,6490,1362,2,2,1,2002
4.01E+15,3715421,3424,,,MERRIMAC,DR,,,WENONA,MD,21821,149181,0,0,7920,0,0,3,0,1995
4.06E+15,20670,2,,,MANOR KNOLL,CT,,,BRIDGEHAMPTON,NY,11976,103600,103600,2015,9147,2081,4,2,0,1963
4.06E+15,823613,142,,,TALCOTT RIDGE,RD,,,SALISBURY,PA,18015,235000,235000,2013,0,0,3,1,1,1990
4.06E+15,1447322,440,,,BARFIELD,DR,,,RICHMOND,SC,23229,50500,5050,2012,6199,1072,0,0,0,1968
4.06E+15,1693066,616,,,JACKSON,AVE,,,GOLDSBORO,MD,21636,89600,82746,0,12864,1380,3,0,0,1969
4.06E+15,2520409,1400,,,MARQUETTE,ST,,,ELKA PARK,NY,12427,63600,0,2014,9322,900,2,1,0,1955
4.06E+15,3134047,2237,,,STEPHANIE,AVE,,,NORTH PORT,FL,34289,12000,12000,0,217800,0,0,0,0,0
4.06E+15,3528435,3011,,,NAAMANS CREEK,RD,,,COVINGTON,GA,30014,181800,181800,2010,9147,1410,3,1,1,1833
4.06E+15,4339240,5235,,,CLUBVIEW,DR,,,ALOHA,OR,97006,0,0,0,16073,0,0,0,0,0
4.07E+15,50522,4,,,PALOMAR,LN,,,DECATURVILLE,TN,38329,95000,95000,2013,7405,1481,4,2,0,2002
4.07E+15,1096074,248,,,CASS,AVE,,,DUNLAP,CA,93621,16539,0,0,2600,1682,0,2,1,1979
4.07E+15,2538817,1411,,,GLENFIELD,AVE,,,GLENDALE HGTS,IL,60139,58400,58400,2012,0,0,0,0,0,0
4.07E+15,4096822,4447,,E,000018TH,ST,,,JERSEY CITY,NJ,7303,34553,34553,2013,4791,1488,2,2,0,1991
4.08E+15,150544,11,,,PLYMOUTH,AVE,,,CARSON CITY,NV,89701,140200,140200,2012,6534,1118,2,1,0,1963
4.08E+15,912267,182,184,,RIVER,ST,,,PORTLAND,OR,97221,239400,239400,2012,20916,0,0,0,0,2004
4.08E+15,1970196,834,,,SOUTH,AVE,,,POCONO SUMMIT,PA,18334,71318,71318,2014,4000,1841,3,1,1,1939
4.08E+15,2206093,1051,,,HILLSBORO MILE,,,00201E,NEW YORK,NY,10017,141470,77810,2013,10018,1309,0,0,0,1991
4.08E+15,2741047,1650,,,MEADOW GREEN,DR,,,PHILADELPHIA,PA,19124,50038,50038,2012,17859,952,4,2,1,1993
4.08E+15,4333199,5219,,E,CLARKSTON,ST,,,DORRIS,CA,96023,23200,0,0,1530,0,0,0,0,0
4.20E+15,606108,97,,,PARK,ROW,,,RED WING,MN,55066,122010,122010,2014,6349,1316,3,1,1,1926
4.20E+15,758979,125,,,BOURNE,ST,,,HICKSVILLE,NY,11801,100651,100651,2013,6969,2063,3,2,0,2004
4.20E+15,1513769,502,,,BURLEIGH,AVE,,,MEMPHIS,TN,38119,199900,0,0,10880,0,4,3,0,2001
4.20E+15,1700007,619,,N,CHILLICOTHE,RD,,,QUINCY,MA,2170,58730,58730,2012,10100,0,4,2,1,1999
4.20E+15,1977474,840,,,WALNUT CREEK,DR,NW,,PEMBROKE PINES,FL,33082,0,0,0,0,0,0,0,0,0
4.20E+15,3416731,2771,,,DUSK,DR,,,ENNIS,TX,75119,224700,224700,2012,5850,6395,0,0,0,0
4.20E+15,4395078,5429,,,BALDWIN,AVE,,,BRIDGEPORT,PA,19405,116997,116997,2013,210743,1809,2,2,0,2012
4.20E+15,4764922,6970,,,FREEDOM,DR,,,NEWARK,TX,76071,387500,387500,2014,1334,1240,3,1,0,1978
4.28E+15,1102285,251,,,ATMORE,DR,,25,BEREA,OH,44017,0,0,0,1584,1559,0,2,1,2002
4.28E+15,2786513,1717,,,TREEHOUSE,LN,,,MALDEN,MA,2148,39402,39402,2013,8346,1256,3,0,0,1967
4.28E+15,3040984,2104,,,PARKAIRE,XING,,,EWING,NJ,8628,102118,0,2013,13500,1852,3,3,0,1987
4.28E+15,3054589,2116,,,SABER,CT,,,ROCKLAND,PA,19522,624000,624000,2012,5926,0,0,0,0,1910
4.28E+15,4483708,5759,,,MIDDLEFIELD,DR,,,WESTPORT,NY,12993,53995,53995,2013,2930112,1362,3,1,0,0
4.28E+15,4574033,6119,,,COCHRAN,ST,,,CORONA DE TUCSON,AZ,85641,306000,306000,2013,5000,2283,4,3,0,1982
4.31E+15,709040,115,,,ERIN,DR,,,DALLAS,TX,75219,135200,135200,2013,0,1262,3,1,0,2004
4.31E+15,2021960,900,,SE,10TH,ST,,,OAK BROOK,IL,60523,0,0,0,810,977,2,1,1,1960
4.31E+15,3755549,3524,,,DARIEN,RD,,,BRANDYWINE,MD,20613,59473,59473,0,1742,1392,2,2,1,1991
4.31E+15,4876357,7528,,E,WOODSHIRE,CV,,,RODEO,CA,94547,38150,38150,2015,0,0,0,0,0,1979
4.31E+15,4971518,8033,,,BROKEN SPUR,LN,,,OLYMPIA,WA,98513,53539,53539,2016,0,1098,3,1,0,2011
4.33E+15,281,1,,,ALLEN,RD,,,BIRMINGHAM,AL,35242,60000,60000,2013,6534,1204,4,1,0,1991
4.33E+15,1646212,593,,,000106TH,AVE,N,,ROBINSON,PA,15205,107200,42880,2015,23793,1285,3,2,0,1999
4.33E+15,1731846,638,,,FLAT BUSH,LN,,,TOPANGA,CA,90290,60000,60000,0,13764,0,0,0,0,0
4.33E+15,2937128,1926,,E,000040TH,ST,,,WIGGINS,CO,80654,107050,107050,0,7882,0,0,0,0,1989
4.33E+15,3463631,2864,,,ROANOKE,ST,NW,,EMPIRE,CA,95319,96900,92900,2012,2299,1324,3,2,0,1997
4.33E+15,3495956,2930,,,COWLEY,WAY,,310,BROOKFIELD,WI,53005,45899,45899,2012,6198,2206,4,1,0,1911
4.33E+15,4091140,4431,,,WONDERLAND,DR,,,LEES SUMMIT,MO,64081,0,12000,0,3222568,0,4,2,0,1964
4.33E+15,4504846,5838,,S,4180,,W,,OMAHA,NE,68102,84100,33640,2014,560,1160,2,2,1,1998
4.33E+15,4574398,6120,,,BISHOP,ST,,,FERNANDINA,FL,32034,789360,789360,2012,61419,0,0,0,0,1939
4.33E+15,4990042,8133,,,COLONNADE,CT,W,,HAGERMAN,NM,88232,27550,27550,2016,0,0,2,2,0,2015
4.41E+15,1043413,225,,,WARREN,AVE,,,BIRMINGHAM,AL,35205,34131,34131,2013,0,0,0,0,0,0
4.41E+15,3343226,2621,,,SUNSTONE,DR,,,MELROSE PARK,IL,60165,5500,5500,0,9100,1768,4,3,0,2002
4.41E+15,4229052,4869,,,LOS REYES,DR,,,WALLINGFORD,PA,19086,30200,30200,0,0,563,1,1,0,1982
4.41E+15,4434959,5584,,,RIVER OAKS,DR,,,KIRBY,TX,78219,157914,157914,2012,832,619,1,1,0,1987
4.41E+15,4940702,7872,,,IRISH,RD,,,GOLETA,CA,93111,106120,106120,2016,0,1120,3,1,1,2000
4.60E+15,287869,24,,,RIDGEWOOD,DR,,,GAINESVILLE,FL,32601,195000,195000,0,291852,2367,4,2,1,2008
4.60E+15,658951,106,,S,INTERLACHEN,AVE,,,STATEN ISLAND,NY,10314,5400,5400,2012,10890,0,0,0,0,0
4.60E+15,1596419,539,,,BRIARWOOD,CIR,,57,CEDAR PINES,CA,92322,112600,112600,2012,10001,1148,0,0,0,0
4.60E+15,2480306,1333,,,CURFMAN,ST,,,KILLINGLY,CT,6239,51683,47468,2013,10000,1440,0,2,0,1993
4.60E+15,2746722,1660,,,GERRY,CT,,,MIDWEST CITY,OK,73110,238980,235366,2014,14000,2304,0,2,1,2000
4.60E+15,2869267,1827,,,DICKINSON,ST,,,RIVERSIDE,MO,64150,159744,0,2012,0,2231,0,0,0,1989
4.60E+15,2893513,1865,,,000079TH STREET,CSWY,,00010G,HILLSBOROUGH,NJ,8502,134500,134500,2013,8000,2600,3,2,1,2011
4.60E+15,3103931,2205,,,MAINSAIL,LN,,,SOUTHBOROUGH,MA,1772,187860,187860,0,9168,2679,4,2,1,2005
4.60E+15,3154613,2289,,,CLIFTON SPRINGS,MNR,,,SCIO TWP,MI,48103,127606,127606,2013,5157,0,2,0,0,1996
4.60E+15,3648773,3270,,S,GOLDFIELD,RD,,708,ISLE OF PALMS,SC,29451,153000,153000,2012,5000,895,2,0,0,1955
4.60E+15,4244369,4920,,,BRIDLE,WAY,,,WEST PALM BEACH,FL,33406,19600,19600,2013,19760,0,0,0,0,0
4.60E+15,4259519,4975,,,SPIRAL,WAY,,,SAINT PETE BEACH,FL,33706,96100,96100,2013,221450,615,1,1,0,1989
4.60E+15,4938883,7857,,,JAMES A REED,RD,,,AUSTIN,FL,78759,3700,3700,2017,8040,0,0,0,0,0
4.60E+15,696015,112,,,UNIONVALE,RD,,,JERSEY CITY,NJ,7305,180300,180300,2013,66211,988,2,1,0,1972
4.60E+15,1103759,251,,N,SHORE,DR,,,WOODBOURNE,NY,12788,104930,104930,2010,143748,924,3,1,0,1976
4.60E+15,1356759,402,,E,LUTZ LAKE FERN,RD,,,DENVER,CO,80219,421158,421158,2011,5833,1825,3,2,1,1910
4.60E+15,1714098,626,,,OAKLAND,AVE,,,ROCKFORD,TN,37853,15264,0,2016,2000,0,0,0,0,0
4.60E+15,2586032,1456,,,CORTEZ,CT,,,HEBRON,KY,41048,5200,5200,2012,7200,0,0,0,0,2000
4.81E+15,215865,17,,,HASKELL,ST,,,PARK CITY,KS,67219,3447,3447,0,0,1947,0,0,0,1990
4.81E+15,1096908,248,,,SUMNER,BLVD,,,BROOKLYN,NY,11230,121700,121700,2012,44953,0,0,0,0,0
4.81E+15,3516348,2992,,S,WINDMOOR,DR,S,,DAYTON,OH,45408,264400,105730,2013,27878,0,0,0,0,1953
4.87E+15,595839,93,,,DELANNOY,AVE,,504,ARNOLD,CA,95232,53383,47624,0,6098,1214,0,0,0,1990
4.87E+15,1748653,652,,,INDUSTRY,AVE,,,COAL CENTER,PA,15423,58400,58400,2015,4400,1226,3,1,0,1940
4.87E+15,3089004,2171,,,BURROUGHS,AVE,SE,,ACTON,CA,93510,331000,331000,2013,4000,500,1,1,1,1938
4.87E+15,3305685,2545,,,WINESAP,DR,,,VENICE,FL,34287,149010,149010,2013,871,1176,4,2,1,1993
4.87E+15,3741153,3502,,,WILMINGTON,RD,,,SYRACUSE,NY,13208,182736,182736,2013,5700,966,3,0,0,1965
4.87E+15,3753260,3520,,,MATTYE MAYE,DR,,,FALMOUTH,VA,22406,200900,200900,2013,20191,1382,4,2,1,1974
4.87E+15,855804,154,,,WASHINGTON,AVE,,,CALLAWASSIE ISLAND,SC,29910,98880,98880,2016,0,1886,3,2,0,1986
4.87E+15,1090849,245,,,GREEN KNOLL,LN,,,ROCKLIN,CA,95765,48130,48130,0,0,4896,0,4,0,1915
4.87E+15,2048959,913,,S,CEDAR,ST,,,BRANT LAKE,NY,12815,0,0,0,0,0,0,0,0,0
4.87E+15,2125173,998,,,BRENTWOOD,DR,SE,,OAKTON,VA,22124,57500,57500,2012,6011,1848,4,2,0,1964
4.87E+15,2502611,1361,,E,DAVA,DR,,,HOMOSASSA SPRINGS,FL,34429,34352,34352,2012,0,0,0,0,0,0
4.87E+15,3335579,2612,,E,ANGELA,DR,,,DALLAS,TX,75214,31000,3100,2014,74052,0,3,1,0,1913
4.87E+15,3940195,4015,,NE,000133RD,AVE,,,DENVER,CO,80222,1700,1700,2012,14810,0,0,0,0,0
4.94E+15,434690,46,,,HAGAR,LN,,,BUMPUS MILLS,TN,37028,25380,0,2015,11325,1835,3,2,0,1990
4.94E+15,509756,63,,,RIDGE RUN,RD,,,VERDI,CA,89439,133600,133600,2012,10680,820,2,1,0,1943
4.94E+15,1575448,526,,,CLEMSON,DR,,,FL,FL,32012,96700,96700,2012,5000,1260,1,1,0,1939